

UPDATE ACCOUNT_INFO SET TYPE='employee';


INSERT INTO ACCOUNT_INFO(ID,CODE,USERNAME,DISPLAY_NAME,STATUS,TYPE,LOCKED,CREATE_TIME,NICK_NAME,PASSWORD_REQUIRED,TENANT_ID) VALUES(9,'9','bob','鲍勃','active','employee','unlocked','2015-02-27 00:00:00','鲍勃','required','1');
INSERT INTO ACCOUNT_CREDENTIAL(ID,PASSWORD,MODIFY_TIME,EXPIRE_TIME,EXPIRE_STATUS,COULD_MODIFY,TYPE,CATALOG,STATUS,ACCOUNT_ID,TENANT_ID) VALUES(9,'a1ccdbc7f295e0aeda5dc4e0f2677ea3','2015-02-27 00:00:00','2017-04-28 00:00:00','normal','yes','normal','default','active',9,'1');
INSERT INTO PERSON_INFO(ID,CODE,USERNAME,GIVEN_NAME,FAMILY_NAME,FULL_NAME,CELLPHONE,EMAIL,TENANT_ID) VALUES(9,'9','bob','Bob','Devaeye','Bob Devaeye','18012345678','bob@devaeye.com','1');

INSERT INTO ACCOUNT_INFO(ID,CODE,USERNAME,DISPLAY_NAME,STATUS,TYPE,LOCKED,CREATE_TIME,NICK_NAME,PASSWORD_REQUIRED,TENANT_ID) VALUES(10,'10','alice','爱丽丝','active','employee','unlocked','2015-02-27 00:00:00','爱丽丝','required','1');
INSERT INTO ACCOUNT_CREDENTIAL(ID,PASSWORD,MODIFY_TIME,EXPIRE_TIME,EXPIRE_STATUS,COULD_MODIFY,TYPE,CATALOG,STATUS,ACCOUNT_ID,TENANT_ID) VALUES(10,'a1ccdbc7f295e0aeda5dc4e0f2677ea3','2015-02-27 00:00:00','2017-04-28 00:00:00','normal','yes','normal','default','active',10,'1');
INSERT INTO PERSON_INFO(ID,CODE,USERNAME,GIVEN_NAME,FAMILY_NAME,FULL_NAME,CELLPHONE,EMAIL,TENANT_ID) VALUES(10,'10','alice','Alice','Devaeye','Alice Devaeye','18012345678','alice@devaeye.com','1');

INSERT INTO ACCOUNT_INFO(ID,CODE,USERNAME,DISPLAY_NAME,STATUS,TYPE,LOCKED,CREATE_TIME,NICK_NAME,PASSWORD_REQUIRED,TENANT_ID) VALUES(11,'11','mike','麦克','active','employee','unlocked','2015-02-27 00:00:00','麦克','required','1');
INSERT INTO ACCOUNT_CREDENTIAL(ID,PASSWORD,MODIFY_TIME,EXPIRE_TIME,EXPIRE_STATUS,COULD_MODIFY,TYPE,CATALOG,STATUS,ACCOUNT_ID,TENANT_ID) VALUES(11,'a1ccdbc7f295e0aeda5dc4e0f2677ea3','2015-02-27 00:00:00','2017-04-28 00:00:00','normal','yes','normal','default','active',11,'1');
INSERT INTO PERSON_INFO(ID,CODE,USERNAME,GIVEN_NAME,FAMILY_NAME,FULL_NAME,CELLPHONE,EMAIL,TENANT_ID) VALUES(11,'11','mike','Mike','Devaeye','Mike Devaeye','18012345678','mike@devaeye.com','1');

INSERT INTO ACCOUNT_INFO(ID,CODE,USERNAME,DISPLAY_NAME,STATUS,TYPE,LOCKED,CREATE_TIME,NICK_NAME,PASSWORD_REQUIRED,TENANT_ID) VALUES(12,'12','justin','贾斯汀','active','employee','unlocked','2015-02-27 00:00:00','贾斯汀','required','1');
INSERT INTO ACCOUNT_CREDENTIAL(ID,PASSWORD,MODIFY_TIME,EXPIRE_TIME,EXPIRE_STATUS,COULD_MODIFY,TYPE,CATALOG,STATUS,ACCOUNT_ID,TENANT_ID) VALUES(12,'a1ccdbc7f295e0aeda5dc4e0f2677ea3','2015-02-27 00:00:00','2017-04-28 00:00:00','normal','yes','normal','default','active',12,'1');
INSERT INTO PERSON_INFO(ID,CODE,USERNAME,GIVEN_NAME,FAMILY_NAME,FULL_NAME,CELLPHONE,EMAIL,TENANT_ID) VALUES(12,'12','justin','Justin','Devaeye','Justin Devaeye','18012345678','justin@devaeye.com','1');

INSERT INTO ACCOUNT_INFO(ID,CODE,USERNAME,DISPLAY_NAME,STATUS,TYPE,LOCKED,CREATE_TIME,NICK_NAME,PASSWORD_REQUIRED,TENANT_ID) VALUES(13,'13','tom','汤姆','active','employee','unlocked','2015-02-27 00:00:00','汤姆','required','1');
INSERT INTO ACCOUNT_CREDENTIAL(ID,PASSWORD,MODIFY_TIME,EXPIRE_TIME,EXPIRE_STATUS,COULD_MODIFY,TYPE,CATALOG,STATUS,ACCOUNT_ID,TENANT_ID) VALUES(13,'a1ccdbc7f295e0aeda5dc4e0f2677ea3','2015-02-27 00:00:00','2017-04-28 00:00:00','normal','yes','normal','default','active',13,'1');
INSERT INTO PERSON_INFO(ID,CODE,USERNAME,GIVEN_NAME,FAMILY_NAME,FULL_NAME,CELLPHONE,EMAIL,TENANT_ID) VALUES(13,'13','tom','Tom','Devaeye','Tom Devaeye','18012345678','tom@devaeye.com','1');

INSERT INTO ACCOUNT_INFO(ID,CODE,USERNAME,DISPLAY_NAME,STATUS,TYPE,LOCKED,CREATE_TIME,NICK_NAME,PASSWORD_REQUIRED,TENANT_ID) VALUES(14,'14','james','詹姆斯','active','employee','unlocked','2015-02-27 00:00:00','詹姆斯','required','1');
INSERT INTO ACCOUNT_CREDENTIAL(ID,PASSWORD,MODIFY_TIME,EXPIRE_TIME,EXPIRE_STATUS,COULD_MODIFY,TYPE,CATALOG,STATUS,ACCOUNT_ID,TENANT_ID) VALUES(14,'a1ccdbc7f295e0aeda5dc4e0f2677ea3','2015-02-27 00:00:00','2017-04-28 00:00:00','normal','yes','normal','default','active',14,'1');
INSERT INTO PERSON_INFO(ID,CODE,USERNAME,GIVEN_NAME,FAMILY_NAME,FULL_NAME,CELLPHONE,EMAIL,TENANT_ID) VALUES(14,'14','james','James','Devaeye','James Devaeye','18012345678','james@devaeye.com','1');

INSERT INTO ACCOUNT_INFO(ID,CODE,USERNAME,DISPLAY_NAME,STATUS,TYPE,LOCKED,CREATE_TIME,NICK_NAME,PASSWORD_REQUIRED,TENANT_ID) VALUES(15,'15','joe','乔伊','active','employee','unlocked','2015-02-27 00:00:00','乔伊','required','1');
INSERT INTO ACCOUNT_CREDENTIAL(ID,PASSWORD,MODIFY_TIME,EXPIRE_TIME,EXPIRE_STATUS,COULD_MODIFY,TYPE,CATALOG,STATUS,ACCOUNT_ID,TENANT_ID) VALUES(15,'a1ccdbc7f295e0aeda5dc4e0f2677ea3','2015-02-27 00:00:00','2017-04-28 00:00:00','normal','yes','normal','default','active',15,'1');
INSERT INTO PERSON_INFO(ID,CODE,USERNAME,GIVEN_NAME,FAMILY_NAME,FULL_NAME,CELLPHONE,EMAIL,TENANT_ID) VALUES(15,'15','joe','Joe','Devaeye','Joe Devaeye','18012345678','joe@devaeye.com','1');

INSERT INTO ACCOUNT_INFO(ID,CODE,USERNAME,DISPLAY_NAME,STATUS,TYPE,LOCKED,CREATE_TIME,NICK_NAME,PASSWORD_REQUIRED,TENANT_ID) VALUES(16,'16','paul','保罗','active','employee','unlocked','2015-02-27 00:00:00','保罗','required','1');
INSERT INTO ACCOUNT_CREDENTIAL(ID,PASSWORD,MODIFY_TIME,EXPIRE_TIME,EXPIRE_STATUS,COULD_MODIFY,TYPE,CATALOG,STATUS,ACCOUNT_ID,TENANT_ID) VALUES(16,'a1ccdbc7f295e0aeda5dc4e0f2677ea3','2015-02-27 00:00:00','2017-04-28 00:00:00','normal','yes','normal','default','active',16,'1');
INSERT INTO PERSON_INFO(ID,CODE,USERNAME,GIVEN_NAME,FAMILY_NAME,FULL_NAME,CELLPHONE,EMAIL,TENANT_ID) VALUES(16,'16','paul','Paul','Devaeye','Paul Devaeye','18012345678','paul@devaeye.com','1');

INSERT INTO ACCOUNT_INFO(ID,CODE,USERNAME,DISPLAY_NAME,STATUS,TYPE,LOCKED,CREATE_TIME,NICK_NAME,PASSWORD_REQUIRED,TENANT_ID) VALUES(17,'17','jane','简','active','employee','unlocked','2015-02-27 00:00:00','简','required','1');
INSERT INTO ACCOUNT_CREDENTIAL(ID,PASSWORD,MODIFY_TIME,EXPIRE_TIME,EXPIRE_STATUS,COULD_MODIFY,TYPE,CATALOG,STATUS,ACCOUNT_ID,TENANT_ID) VALUES(17,'a1ccdbc7f295e0aeda5dc4e0f2677ea3','2015-02-27 00:00:00','2017-04-28 00:00:00','normal','yes','normal','default','active',17,'1');
INSERT INTO PERSON_INFO(ID,CODE,USERNAME,GIVEN_NAME,FAMILY_NAME,FULL_NAME,CELLPHONE,EMAIL,TENANT_ID) VALUES(17,'17','jane','Jane','Devaeye','Jane Devaeye','18012345678','jane@devaeye.com','1');

INSERT INTO ACCOUNT_INFO(ID,CODE,USERNAME,DISPLAY_NAME,STATUS,TYPE,LOCKED,CREATE_TIME,NICK_NAME,PASSWORD_REQUIRED,TENANT_ID) VALUES(18,'18','marry','玛丽','active','employee','unlocked','2015-02-27 00:00:00','玛丽','required','1');
INSERT INTO ACCOUNT_CREDENTIAL(ID,PASSWORD,MODIFY_TIME,EXPIRE_TIME,EXPIRE_STATUS,COULD_MODIFY,TYPE,CATALOG,STATUS,ACCOUNT_ID,TENANT_ID) VALUES(18,'a1ccdbc7f295e0aeda5dc4e0f2677ea3','2015-02-27 00:00:00','2017-04-28 00:00:00','normal','yes','normal','default','active',18,'1');
INSERT INTO PERSON_INFO(ID,CODE,USERNAME,GIVEN_NAME,FAMILY_NAME,FULL_NAME,CELLPHONE,EMAIL,TENANT_ID) VALUES(18,'18','marry','Marry','Devaeye','Marry Devaeye','18012345678','marry@devaeye.com','1');

INSERT INTO ACCOUNT_INFO(ID,CODE,USERNAME,DISPLAY_NAME,STATUS,TYPE,LOCKED,CREATE_TIME,NICK_NAME,PASSWORD_REQUIRED,TENANT_ID) VALUES(19,'19','ben','本','active','employee','unlocked','2015-02-27 00:00:00','本','required','1');
INSERT INTO ACCOUNT_CREDENTIAL(ID,PASSWORD,MODIFY_TIME,EXPIRE_TIME,EXPIRE_STATUS,COULD_MODIFY,TYPE,CATALOG,STATUS,ACCOUNT_ID,TENANT_ID) VALUES(19,'a1ccdbc7f295e0aeda5dc4e0f2677ea3','2015-02-27 00:00:00','2017-04-28 00:00:00','normal','yes','normal','default','active',19,'1');
INSERT INTO PERSON_INFO(ID,CODE,USERNAME,GIVEN_NAME,FAMILY_NAME,FULL_NAME,CELLPHONE,EMAIL,TENANT_ID) VALUES(19,'19','ben','Ben','Devaeye','Ben Devaeye','18012345678','ben@devaeye.com','1');

INSERT INTO ACCOUNT_INFO(ID,CODE,USERNAME,DISPLAY_NAME,STATUS,TYPE,LOCKED,CREATE_TIME,NICK_NAME,PASSWORD_REQUIRED,TENANT_ID) VALUES(20,'20','bot','系统机器人','active','bot','unlocked','2015-02-27 00:00:00','系统机器人','required','1');
INSERT INTO ACCOUNT_CREDENTIAL(ID,PASSWORD,MODIFY_TIME,EXPIRE_TIME,EXPIRE_STATUS,COULD_MODIFY,TYPE,CATALOG,STATUS,ACCOUNT_ID,TENANT_ID) VALUES(20,'a1ccdbc7f295e0aeda5dc4e0f2677ea3','2015-02-27 00:00:00','2017-04-28 00:00:00','normal','yes','normal','default','active',20,'1');
INSERT INTO PERSON_INFO(ID,CODE,USERNAME,GIVEN_NAME,FAMILY_NAME,FULL_NAME,CELLPHONE,EMAIL,TENANT_ID) VALUES(20,'20','bot','Bot','Devaeye','Bot Devaeye','18012345678','bot@devaeye.com','1');

INSERT INTO ACCOUNT_INFO(ID,CODE,USERNAME,DISPLAY_NAME,STATUS,TYPE,LOCKED,CREATE_TIME,NICK_NAME,PASSWORD_REQUIRED,TENANT_ID) VALUES(21,'21','jack','杰克','active','employee','unlocked','2015-02-27 00:00:00','杰克','required','1');
INSERT INTO ACCOUNT_CREDENTIAL(ID,PASSWORD,MODIFY_TIME,EXPIRE_TIME,EXPIRE_STATUS,COULD_MODIFY,TYPE,CATALOG,STATUS,ACCOUNT_ID,TENANT_ID) VALUES(21,'a1ccdbc7f295e0aeda5dc4e0f2677ea3','2015-02-27 00:00:00','2017-04-28 00:00:00','normal','yes','normal','default','active',21,'1');
INSERT INTO PERSON_INFO(ID,CODE,USERNAME,GIVEN_NAME,FAMILY_NAME,FULL_NAME,CELLPHONE,EMAIL,TENANT_ID) VALUES(21,'21','jack','Jack','Devaeye','Jack Devaeye','18012345678','jack@devaeye.com','1');

INSERT INTO ACCOUNT_INFO(ID,CODE,USERNAME,DISPLAY_NAME,STATUS,TYPE,LOCKED,CREATE_TIME,NICK_NAME,PASSWORD_REQUIRED,TENANT_ID) VALUES(22,'22','martin','马丁','active','employee','unlocked','2015-02-27 00:00:00','马丁','required','1');
INSERT INTO ACCOUNT_CREDENTIAL(ID,PASSWORD,MODIFY_TIME,EXPIRE_TIME,EXPIRE_STATUS,COULD_MODIFY,TYPE,CATALOG,STATUS,ACCOUNT_ID,TENANT_ID) VALUES(22,'a1ccdbc7f295e0aeda5dc4e0f2677ea3','2015-02-27 00:00:00','2017-04-28 00:00:00','normal','yes','normal','default','active',22,'1');
INSERT INTO PERSON_INFO(ID,CODE,USERNAME,GIVEN_NAME,FAMILY_NAME,FULL_NAME,CELLPHONE,EMAIL,TENANT_ID) VALUES(22,'22','martin','Martin','Devaeye','Martin Devaeye','18012345678','marin@devaeye.com','1');

INSERT INTO ACCOUNT_INFO(ID,CODE,USERNAME,DISPLAY_NAME,STATUS,TYPE,LOCKED,CREATE_TIME,NICK_NAME,PASSWORD_REQUIRED,TENANT_ID) VALUES(23,'23','alex','阿莱克斯','active','employee','unlocked','2015-02-27 00:00:00','阿莱克斯','required','1');
INSERT INTO ACCOUNT_CREDENTIAL(ID,PASSWORD,MODIFY_TIME,EXPIRE_TIME,EXPIRE_STATUS,COULD_MODIFY,TYPE,CATALOG,STATUS,ACCOUNT_ID,TENANT_ID) VALUES(23,'a1ccdbc7f295e0aeda5dc4e0f2677ea3','2015-02-27 00:00:00','2017-04-28 00:00:00','normal','yes','normal','default','active',23,'1');
INSERT INTO PERSON_INFO(ID,CODE,USERNAME,GIVEN_NAME,FAMILY_NAME,FULL_NAME,CELLPHONE,EMAIL,TENANT_ID) VALUES(23,'23','alex','Alex','Devaeye','Alex Devaeye','18012345678','alex@devaeye.com','1');

INSERT INTO ACCOUNT_INFO(ID,CODE,USERNAME,DISPLAY_NAME,STATUS,TYPE,LOCKED,CREATE_TIME,NICK_NAME,PASSWORD_REQUIRED,TENANT_ID) VALUES(24,'24','daniel','丹尼尔','active','employee','unlocked','2015-02-27 00:00:00','丹尼尔','required','1');
INSERT INTO ACCOUNT_CREDENTIAL(ID,PASSWORD,MODIFY_TIME,EXPIRE_TIME,EXPIRE_STATUS,COULD_MODIFY,TYPE,CATALOG,STATUS,ACCOUNT_ID,TENANT_ID) VALUES(24,'a1ccdbc7f295e0aeda5dc4e0f2677ea3','2015-02-27 00:00:00','2017-04-28 00:00:00','normal','yes','normal','default','active',24,'1');
INSERT INTO PERSON_INFO(ID,CODE,USERNAME,GIVEN_NAME,FAMILY_NAME,FULL_NAME,CELLPHONE,EMAIL,TENANT_ID) VALUES(24,'24','daniel','Daniel','Devaeye','Daniel Devaeye','18012345678','daniel@devaeye.com','1');

INSERT INTO ACCOUNT_INFO(ID,CODE,USERNAME,DISPLAY_NAME,STATUS,TYPE,LOCKED,CREATE_TIME,NICK_NAME,PASSWORD_REQUIRED,TENANT_ID) VALUES(25,'25','eric','艾瑞克','active','employee','unlocked','2015-02-27 00:00:00','艾瑞克','required','1');
INSERT INTO ACCOUNT_CREDENTIAL(ID,PASSWORD,MODIFY_TIME,EXPIRE_TIME,EXPIRE_STATUS,COULD_MODIFY,TYPE,CATALOG,STATUS,ACCOUNT_ID,TENANT_ID) VALUES(25,'a1ccdbc7f295e0aeda5dc4e0f2677ea3','2015-02-27 00:00:00','2017-04-28 00:00:00','normal','yes','normal','default','active',25,'1');
INSERT INTO PERSON_INFO(ID,CODE,USERNAME,GIVEN_NAME,FAMILY_NAME,FULL_NAME,CELLPHONE,EMAIL,TENANT_ID) VALUES(25,'25','eric','Eric','Devaeye','Eric Devaeye','18012345678','eric@devaeye.com','1');

INSERT INTO ACCOUNT_INFO(ID,CODE,USERNAME,DISPLAY_NAME,STATUS,TYPE,LOCKED,CREATE_TIME,NICK_NAME,PASSWORD_REQUIRED,TENANT_ID) VALUES(26,'26','leon','里昂','active','employee','unlocked','2015-02-27 00:00:00','里昂','required','1');
INSERT INTO ACCOUNT_CREDENTIAL(ID,PASSWORD,MODIFY_TIME,EXPIRE_TIME,EXPIRE_STATUS,COULD_MODIFY,TYPE,CATALOG,STATUS,ACCOUNT_ID,TENANT_ID) VALUES(26,'a1ccdbc7f295e0aeda5dc4e0f2677ea3','2015-02-27 00:00:00','2017-04-28 00:00:00','normal','yes','normal','default','active',26,'1');
INSERT INTO PERSON_INFO(ID,CODE,USERNAME,GIVEN_NAME,FAMILY_NAME,FULL_NAME,CELLPHONE,EMAIL,TENANT_ID) VALUES(26,'26','leon','Leon','Devaeye','Leon Devaeye','18012345678','leon@devaeye.com','1');

INSERT INTO ACCOUNT_INFO(ID,CODE,USERNAME,DISPLAY_NAME,STATUS,TYPE,LOCKED,CREATE_TIME,NICK_NAME,PASSWORD_REQUIRED,TENANT_ID) VALUES(27,'27','clark','克拉克','active','employee','unlocked','2015-02-27 00:00:00','克拉克','required','1');
INSERT INTO ACCOUNT_CREDENTIAL(ID,PASSWORD,MODIFY_TIME,EXPIRE_TIME,EXPIRE_STATUS,COULD_MODIFY,TYPE,CATALOG,STATUS,ACCOUNT_ID,TENANT_ID) VALUES(27,'a1ccdbc7f295e0aeda5dc4e0f2677ea3','2015-02-27 00:00:00','2017-04-28 00:00:00','normal','yes','normal','default','active',27,'1');
INSERT INTO PERSON_INFO(ID,CODE,USERNAME,GIVEN_NAME,FAMILY_NAME,FULL_NAME,CELLPHONE,EMAIL,TENANT_ID) VALUES(27,'27','clark','Clark','Devaeye','Clark Devaeye','18012345678','clark@devaeye.com','1');

INSERT INTO ACCOUNT_INFO(ID,CODE,USERNAME,DISPLAY_NAME,STATUS,TYPE,LOCKED,CREATE_TIME,NICK_NAME,PASSWORD_REQUIRED,TENANT_ID) VALUES(28,'28','david','大卫','active','employee','unlocked','2015-02-27 00:00:00','大卫','required','1');
INSERT INTO ACCOUNT_CREDENTIAL(ID,PASSWORD,MODIFY_TIME,EXPIRE_TIME,EXPIRE_STATUS,COULD_MODIFY,TYPE,CATALOG,STATUS,ACCOUNT_ID,TENANT_ID) VALUES(28,'a1ccdbc7f295e0aeda5dc4e0f2677ea3','2015-02-27 00:00:00','2017-04-28 00:00:00','normal','yes','normal','default','active',28,'1');
INSERT INTO PERSON_INFO(ID,CODE,USERNAME,GIVEN_NAME,FAMILY_NAME,FULL_NAME,CELLPHONE,EMAIL,TENANT_ID) VALUES(28,'28','david','David','Devaeye','David Devaeye','18012345678','david@devaeye.com','1');

INSERT INTO ACCOUNT_INFO(ID,CODE,USERNAME,DISPLAY_NAME,STATUS,TYPE,LOCKED,CREATE_TIME,NICK_NAME,PASSWORD_REQUIRED,TENANT_ID) VALUES(29,'29','henry','亨利','active','employee','unlocked','2015-02-27 00:00:00','亨利','required','1');
INSERT INTO ACCOUNT_CREDENTIAL(ID,PASSWORD,MODIFY_TIME,EXPIRE_TIME,EXPIRE_STATUS,COULD_MODIFY,TYPE,CATALOG,STATUS,ACCOUNT_ID,TENANT_ID) VALUES(29,'a1ccdbc7f295e0aeda5dc4e0f2677ea3','2015-02-27 00:00:00','2017-04-28 00:00:00','normal','yes','normal','default','active',29,'1');
INSERT INTO PERSON_INFO(ID,CODE,USERNAME,GIVEN_NAME,FAMILY_NAME,FULL_NAME,CELLPHONE,EMAIL,TENANT_ID) VALUES(29,'29','henry','Henry','Devaeye','Henry Devaeye','18012345678','henry@devaeye.com','1');

INSERT INTO ACCOUNT_INFO(ID,CODE,USERNAME,DISPLAY_NAME,STATUS,TYPE,LOCKED,CREATE_TIME,NICK_NAME,PASSWORD_REQUIRED,TENANT_ID) VALUES(30,'30','helen','海伦','active','employee','unlocked','2015-02-27 00:00:00','海伦','required','1');
INSERT INTO ACCOUNT_CREDENTIAL(ID,PASSWORD,MODIFY_TIME,EXPIRE_TIME,EXPIRE_STATUS,COULD_MODIFY,TYPE,CATALOG,STATUS,ACCOUNT_ID,TENANT_ID) VALUES(30,'a1ccdbc7f295e0aeda5dc4e0f2677ea3','2015-02-27 00:00:00','2017-04-28 00:00:00','normal','yes','normal','default','active',30,'1');
INSERT INTO PERSON_INFO(ID,CODE,USERNAME,GIVEN_NAME,FAMILY_NAME,FULL_NAME,CELLPHONE,EMAIL,TENANT_ID) VALUES(30,'30','helen','Helen','Devaeye','Helen Devaeye','18012345678','helen@devaeye.com','1');

INSERT INTO ACCOUNT_INFO(ID,CODE,USERNAME,DISPLAY_NAME,STATUS,TYPE,LOCKED,CREATE_TIME,NICK_NAME,PASSWORD_REQUIRED,TENANT_ID) VALUES(31,'31','sarah','莎拉','active','employee','unlocked','2015-02-27 00:00:00','莎拉','required','1');
INSERT INTO ACCOUNT_CREDENTIAL(ID,PASSWORD,MODIFY_TIME,EXPIRE_TIME,EXPIRE_STATUS,COULD_MODIFY,TYPE,CATALOG,STATUS,ACCOUNT_ID,TENANT_ID) VALUES(31,'a1ccdbc7f295e0aeda5dc4e0f2677ea3','2015-02-27 00:00:00','2017-04-28 00:00:00','normal','yes','normal','default','active',31,'1');
INSERT INTO PERSON_INFO(ID,CODE,USERNAME,GIVEN_NAME,FAMILY_NAME,FULL_NAME,CELLPHONE,EMAIL,TENANT_ID) VALUES(31,'31','sarah','Sarah','Devaeye','Sarah Devaeye','18012345678','sarah@devaeye.com','1');

INSERT INTO ACCOUNT_INFO(ID,CODE,USERNAME,DISPLAY_NAME,STATUS,TYPE,LOCKED,CREATE_TIME,NICK_NAME,PASSWORD_REQUIRED,TENANT_ID) VALUES(32,'32','sam','萨姆','active','employee','unlocked','2015-02-27 00:00:00','萨姆','required','1');
INSERT INTO ACCOUNT_CREDENTIAL(ID,PASSWORD,MODIFY_TIME,EXPIRE_TIME,EXPIRE_STATUS,COULD_MODIFY,TYPE,CATALOG,STATUS,ACCOUNT_ID,TENANT_ID) VALUES(32,'a1ccdbc7f295e0aeda5dc4e0f2677ea3','2015-02-27 00:00:00','2017-04-28 00:00:00','normal','yes','normal','default','active',32,'1');
INSERT INTO PERSON_INFO(ID,CODE,USERNAME,GIVEN_NAME,FAMILY_NAME,FULL_NAME,CELLPHONE,EMAIL,TENANT_ID) VALUES(32,'32','sam','Sam','Devaeye','Sam Devaeye','18012345678','sam@devaeye.com','1');

INSERT INTO ACCOUNT_INFO(ID,CODE,USERNAME,DISPLAY_NAME,STATUS,TYPE,LOCKED,CREATE_TIME,NICK_NAME,PASSWORD_REQUIRED,TENANT_ID) VALUES(33,'33','claire','克莱尔','active','employee','unlocked','2015-02-27 00:00:00','克莱尔','required','1');
INSERT INTO ACCOUNT_CREDENTIAL(ID,PASSWORD,MODIFY_TIME,EXPIRE_TIME,EXPIRE_STATUS,COULD_MODIFY,TYPE,CATALOG,STATUS,ACCOUNT_ID,TENANT_ID) VALUES(33,'a1ccdbc7f295e0aeda5dc4e0f2677ea3','2015-02-27 00:00:00','2017-04-28 00:00:00','normal','yes','normal','default','active',33,'1');
INSERT INTO PERSON_INFO(ID,CODE,USERNAME,GIVEN_NAME,FAMILY_NAME,FULL_NAME,CELLPHONE,EMAIL,TENANT_ID) VALUES(33,'33','claire','Claire','Devaeye','Claire Devaeye','18012345678','claire@devaeye.com','1');

INSERT INTO ACCOUNT_INFO(ID,CODE,USERNAME,DISPLAY_NAME,STATUS,TYPE,LOCKED,CREATE_TIME,NICK_NAME,PASSWORD_REQUIRED,TENANT_ID) VALUES(34,'34','thomas','托马斯','active','employee','unlocked','2015-02-27 00:00:00','托马斯','required','1');
INSERT INTO ACCOUNT_CREDENTIAL(ID,PASSWORD,MODIFY_TIME,EXPIRE_TIME,EXPIRE_STATUS,COULD_MODIFY,TYPE,CATALOG,STATUS,ACCOUNT_ID,TENANT_ID) VALUES(34,'a1ccdbc7f295e0aeda5dc4e0f2677ea3','2015-02-27 00:00:00','2017-04-28 00:00:00','normal','yes','normal','default','active',34,'1');
INSERT INTO PERSON_INFO(ID,CODE,USERNAME,GIVEN_NAME,FAMILY_NAME,FULL_NAME,CELLPHONE,EMAIL,TENANT_ID) VALUES(34,'34','thomas','Thomas','Devaeye','Thomas Devaeye','18012345678','thomas@devaeye.com','1');

UPDATE PERSON_INFO SET EMAIL='lingo@devaeye.com' WHERE ID=1;
UPDATE PERSON_INFO SET EMAIL='vivian@devaeye.com' WHERE ID=2;
UPDATE PERSON_INFO SET EMAIL='steven@devaeye.com' WHERE ID=3;
UPDATE PERSON_INFO SET EMAIL='king@devaeye.com' WHERE ID=4;
UPDATE PERSON_INFO SET EMAIL='john@devaeye.com' WHERE ID=5;
UPDATE PERSON_INFO SET EMAIL='william@devaeye.com' WHERE ID=6;
UPDATE PERSON_INFO SET EMAIL='adam@devaeye.com' WHERE ID=7;
UPDATE PERSON_INFO SET EMAIL='robot@devaeye.com' WHERE ID=8;
